{
  "Total" : {
    "transaction" : "Total",
    "sampleCount" : 1010,
    "errorCount" : 9,
    "errorPct" : 0.8910891,
    "meanResTime" : 17.769306930693094,
    "medianResTime" : 17.5,
    "minResTime" : 5.0,
    "maxResTime" : 509.0,
    "pct1ResTime" : 25.0,
    "pct2ResTime" : 29.0,
    "pct3ResTime" : 39.889999999999986,
    "throughput" : 10.201092829944752,
    "receivedKBytesPerSec" : 4.295527663520488,
    "sentKBytesPerSec" : 11.105563951256956
  },
  "DELETE labwork" : {
    "transaction" : "DELETE labwork",
    "sampleCount" : 10,
    "errorCount" : 9,
    "errorPct" : 90.0,
    "meanResTime" : 38.50000000000001,
    "medianResTime" : 5.5,
    "minResTime" : 5.0,
    "maxResTime" : 325.0,
    "pct1ResTime" : 293.9000000000001,
    "pct2ResTime" : 325.0,
    "pct3ResTime" : 325.0,
    "throughput" : 1.1166945840312674,
    "receivedKBytesPerSec" : 0.491062081239531,
    "sentKBytesPerSec" : 0.21156127861529872
  },
  "POST labwork" : {
    "transaction" : "POST labwork",
    "sampleCount" : 500,
    "errorCount" : 0,
    "errorPct" : 0.0,
    "meanResTime" : 11.954,
    "medianResTime" : 10.0,
    "minResTime" : 7.0,
    "maxResTime" : 472.0,
    "pct1ResTime" : 14.0,
    "pct2ResTime" : 17.94999999999999,
    "pct3ResTime" : 25.0,
    "throughput" : 5.054027554558227,
    "receivedKBytesPerSec" : 2.127232300795504,
    "sentKBytesPerSec" : 3.7905206659186708
  },
  "POST labworks" : {
    "transaction" : "POST labworks",
    "sampleCount" : 500,
    "errorCount" : 0,
    "errorPct" : 0.0,
    "meanResTime" : 23.16999999999998,
    "medianResTime" : 21.0,
    "minResTime" : 16.0,
    "maxResTime" : 509.0,
    "pct1ResTime" : 28.0,
    "pct2ResTime" : 32.0,
    "pct3ResTime" : 41.99000000000001,
    "throughput" : 5.050045955418194,
    "receivedKBytesPerSec" : 2.1255564519387127,
    "sentKBytesPerSec" : 7.298894544940359
  }
}